{"turn scores": {"0": {"effiencient_move": false, "similarity": 1.3385701848569465}, "1": {"effiencient_move": false, "similarity": 2.1973885261186377}, "2": {"effiencient_move": true, "similarity": 53.78828427399902}, "3": {"effiencient_move": true, "similarity": 5.862446150271272}, "4": {"effiencient_move": true, "similarity": 9.485174635513328}, "5": {"effiencient_move": true, "similarity": 5.862446150271272}, "6": {"effiencient_move": false, "similarity": 5.862446150271272}, "7": {"effiencient_move": false, "similarity": 5.862446150271272}, "8": {"effiencient_move": true, "similarity": 5.862446150271272}, "9": {"effiencient_move": false, "similarity": 5.862446150271272}, "10": {"effiencient_move": true, "similarity": 5.862446150271272}, "11": {"effiencient_move": true, "similarity": 5.862446150271272}, "12": {"effiencient_move": false, "similarity": 5.862446150271272}}, "episode scores": {"Success": 0, "Aborted": 0, "Lose": 1, "moves": 13, "valid_moves": 13, "invalid_moves": 0, "stopped": 1, "turns_limit": 0, "loops": 2, "number_visited": 4, "seen": 5, "efficiency": 53.84615384615385, "exploration": 66.66666666666666, "graph_similarity": 5.862446150271272, "Main Score": 59.57446808510638}}