{"turn scores": {"0": {"effiencient_move": true, "similarity": 1.3385701848569465}, "1": {"effiencient_move": false, "similarity": 2.1973885261186377}, "2": {"effiencient_move": true, "similarity": 3.5972419924183097}, "3": {"effiencient_move": true, "similarity": 5.862446150271272}, "4": {"effiencient_move": true, "similarity": 9.485174635513328}, "5": {"effiencient_move": true, "similarity": 9.485174635513328}, "6": {"effiencient_move": true, "similarity": 15.17163600424869}, "7": {"effiencient_move": false, "similarity": 15.17163600424869}, "8": {"effiencient_move": true, "similarity": 9.485174635513328}, "9": {"effiencient_move": true, "similarity": 9.485174635513328}, "10": {"effiencient_move": false, "similarity": 9.485174635513328}, "11": {"effiencient_move": true, "similarity": 9.485174635513328}, "12": {"effiencient_move": false, "similarity": 9.485174635513328}, "13": {"effiencient_move": false, "similarity": 9.485174635513328}, "14": {"effiencient_move": false, "similarity": 9.485174635513328}}, "episode scores": {"Success": 0, "Aborted": 0, "Lose": 1, "moves": 15, "valid_moves": 15, "invalid_moves": 0, "stopped": 1, "turns_limit": 0, "loops": 2, "number_visited": 4, "seen": 5, "efficiency": 60.0, "exploration": 66.66666666666666, "graph_similarity": 9.485174635513328, "Main Score": 63.1578947368421}}