{"turn scores": {"0": {"effiencient_move": true, "similarity": 9.485174635513328}, "1": {"effiencient_move": true, "similarity": 23.840584404423538}, "2": {"effiencient_move": true, "similarity": 23.840584404423538}, "3": {"effiencient_move": false, "similarity": 36.48510476127127}, "4": {"effiencient_move": false, "similarity": 53.78828427399902}, "5": {"effiencient_move": true, "similarity": 53.78828427399902}, "6": {"effiencient_move": true, "similarity": 53.78828427399902}, "7": {"effiencient_move": false, "similarity": 36.48510476127127}, "8": {"effiencient_move": true, "similarity": 23.840584404423538}, "9": {"effiencient_move": false, "similarity": 23.840584404423538}, "10": {"effiencient_move": false, "similarity": 23.840584404423538}}, "episode scores": {"Success": 0, "Aborted": 0, "Lose": 1, "moves": 11, "valid_moves": 11, "invalid_moves": 0, "stopped": 1, "turns_limit": 0, "loops": 3, "number_visited": 3, "seen": 4, "efficiency": 54.54545454545454, "exploration": 75.0, "graph_similarity": 23.840584404423538, "Main Score": 63.1578947368421}}