{"turn scores": {"0": {"effiencient_move": false, "similarity": 1.3385701848569465}, "1": {"effiencient_move": true, "similarity": 3.5972419924183097}, "2": {"effiencient_move": true, "similarity": 9.485174635513328}, "3": {"effiencient_move": false, "similarity": 9.485174635513328}, "4": {"effiencient_move": false, "similarity": 9.485174635513328}, "5": {"effiencient_move": false, "similarity": 9.485174635513328}, "6": {"effiencient_move": false, "similarity": 9.485174635513328}}, "episode scores": {"Success": 0, "Aborted": 0, "Lose": 1, "moves": 7, "valid_moves": 7, "invalid_moves": 0, "stopped": 1, "turns_limit": 0, "loops": 2, "number_visited": 3, "seen": 5, "efficiency": 28.57142857142857, "exploration": 50.0, "graph_similarity": 9.485174635513328, "Main Score": 36.36363636363636}}