{"turn scores": {"0": {"effiencient_move": true, "similarity": 0.18221023888012056}, "1": {"effiencient_move": true, "similarity": 0.49452463132693136}, "2": {"effiencient_move": false, "similarity": 1.3385701848569465}, "3": {"effiencient_move": false, "similarity": 1.3385701848569465}, "4": {"effiencient_move": true, "similarity": 0.8140275431792077}, "5": {"effiencient_move": true, "similarity": 1.3385701848569465}, "6": {"effiencient_move": false, "similarity": 1.3385701848569465}}, "episode scores": {"Success": 0, "Aborted": 0, "Lose": 1, "moves": 7, "valid_moves": 7, "invalid_moves": 0, "stopped": 1, "turns_limit": 0, "loops": 0, "number_visited": 3, "seen": 4, "efficiency": 57.14285714285714, "exploration": 37.5, "graph_similarity": 1.3385701848569465, "Main Score": 45.283018867924525}}