{"turn scores": {"0": {"effiencient_move": true, "similarity": 1.3385701848569465}, "1": {"effiencient_move": false, "similarity": 3.5972419924183097}, "2": {"effiencient_move": true, "similarity": 3.5972419924183097}, "3": {"effiencient_move": true, "similarity": 3.5972419924183097}, "4": {"effiencient_move": true, "similarity": 9.485174635513328}, "5": {"effiencient_move": true, "similarity": 23.840584404423538}, "6": {"effiencient_move": true, "similarity": 36.48510476127127}, "7": {"effiencient_move": false, "similarity": 36.48510476127127}}, "episode scores": {"Success": 0, "Aborted": 0, "Lose": 1, "moves": 8, "valid_moves": 8, "invalid_moves": 0, "stopped": 1, "turns_limit": 0, "loops": 2, "number_visited": 5, "seen": 6, "efficiency": 75.0, "exploration": 83.33333333333334, "graph_similarity": 36.48510476127127, "Main Score": 78.94736842105264}}