{"turn scores": {"0": {"effiencient_move": true, "similarity": 1.3385701848569465}, "1": {"effiencient_move": true, "similarity": 3.5972419924183097}, "2": {"effiencient_move": false, "similarity": 9.485174635513328}, "3": {"effiencient_move": true, "similarity": 15.17163600424869}, "4": {"effiencient_move": true, "similarity": 36.48510476127127}, "5": {"effiencient_move": false, "similarity": 36.48510476127127}}, "episode scores": {"Success": 0, "Aborted": 0, "Lose": 1, "moves": 6, "valid_moves": 6, "invalid_moves": 0, "stopped": 1, "turns_limit": 0, "loops": 1, "number_visited": 5, "seen": 6, "efficiency": 66.66666666666666, "exploration": 83.33333333333334, "graph_similarity": 36.48510476127127, "Main Score": 74.07407407407408}}